/* LIBRARY DATABASE */
/* CREATE ALL TABLES */

--1
CREATE TABLE PUBLISHER(
NAME VARCHAR(18) PRIMARY KEY,
ADDRESS VARCHAR(10),
PHONE VARCHAR(10));

--2
CREATE TABLE BOOK(
BOOK_ID INTEGER PRIMARY KEY,
TITLE VARCHAR(20),
PUBLISHER_NAME VARCHAR(20),
FOREIGN KEY(PUBLISHER_NAME) REFERENCES PUBLISHER(NAME) ON DELETE CASCADE,
PUB_YEAR INTEGER);

--3
CREATE TABLE BOOK_AUTHORS(
BOOK_ID INTEGER,
FOREIGN KEY(BOOK_ID) REFERENCES BOOK(BOOK_ID) ON DELETE CASCADE,
AUTHOR_NAME VARCHAR(20),
PRIMARY KEY(BOOK_ID));

--4
CREATE TABLE LIBRARY_BRANCH(
BRANCH_ID INTEGER PRIMARY KEY,
BRANCH_NAME VARCHAR(18),
ADDRESS VARCHAR(15));

--5
CREATE TABLE BOOK_COPIES(
BOOK_ID INTEGER,
FOREIGN KEY(BOOK_ID) REFERENCES BOOK(BOOK_ID) ON DELETE CASCADE,
BRANCH_ID INTEGER,
FOREIGN KEY(BRANCH_ID) REFERENCES LIBRARY_BRANCH(BRANCH_ID) ON DELETE CASCADE,
NO_OF_COPIES INTEGER,
PRIMARY KEY(BOOK_ID,BRANCH_ID));

--6
CREATE TABLE BOOK_LENDING(
BOOK_ID INTEGER,
FOREIGN KEY(BOOK_ID) REFERENCES BOOK(BOOK_ID) ON DELETE CASCADE,
BRANCH_ID INTEGER,
FOREIGN KEY(BRANCH_ID) REFERENCES LIBRARY_BRANCH(BRANCH_ID) ON DELETE CASCADE,
CARD_NO INTEGER,
DATE_OUT DATE,
DUE_DATE DATE,
PRIMARY KEY(BOOK_ID,BRANCH_ID,CARD_NO));

/* INSERT VALUES INTO ALL TABLES */

--1
INSERT INTO PUBLISHER VALUES('PEARSON', 'BANGALORE', '9875462530');
INSERT INTO PUBLISHER VALUES('MCGRAW', 'NEW DELHI', '7845691234');
INSERT INTO PUBLISHER VALUES('SAPNA', 'BANGALORE', '7845963210');

--2
INSERT INTO BOOK VALUES(1111, 'SE', 'PEARSON', 2005);
INSERT INTO BOOK VALUES(2222, 'DBMS', 'MCGRAW', 2004);
INSERT INTO BOOK VALUES(3333, 'ANATOMY', 'PEARSON', 2010);
INSERT INTO BOOK VALUES(4444, 'ENCYCLOPEDIA', 'SAPNA', 2010);

--3
INSERT INTO BOOK_AUTHORS VALUES(1111, 'SOMMERVILLE');
INSERT INTO BOOK_AUTHORS VALUES(2222, 'NAVATHE');
INSERT INTO BOOK_AUTHORS VALUES(3333, 'HENRY GRAY');
INSERT INTO BOOK_AUTHORS VALUES(4444, 'THOMAS');

--4
INSERT INTO LIBRARY_BRANCH VALUES(11, 'CENTRAL TECHNICAL', 'MG ROAD');
INSERT INTO LIBRARY_BRANCH VALUES(22, 'MEDICAL', 'BH ROAD');
INSERT INTO LIBRARY_BRANCH VALUES(33, 'CHILDREN', 'SS PURAM');
INSERT INTO LIBRARY_BRANCH VALUES(44, 'SECRETARIAT', 'SIRAGATE');
INSERT INTO LIBRARY_BRANCH VALUES(55, 'GENERAL', 'JAYANAGAR');

--5
INSERT INTO BOOK_COPIES VALUES(1111, 11, 5);
INSERT INTO BOOK_COPIES VALUES(3333, 22, 6);
INSERT INTO BOOK_COPIES VALUES(4444, 33, 10);
INSERT INTO BOOK_COPIES VALUES(2222, 11, 12);
INSERT INTO BOOK_COPIES VALUES(4444, 55, 3);

--6
INSERT INTO BOOK_LENDING VALUES(2222, 11, 1, '2017-01-10', '2017-08-20');
INSERT INTO BOOK_LENDING VALUES(3333, 22, 2, '2017-07-09', '2017-08-12');
INSERT INTO BOOK_LENDING VALUES(4444, 55, 1, '2017-04-11', '2017-08-09');
INSERT INTO BOOK_LENDING VALUES(2222, 11, 5, '2017-08-09', '2017-08-19');
INSERT INTO BOOK_LENDING VALUES(4444, 33, 1, '2017-06-10', '2017-08-15');
INSERT INTO BOOK_LENDING VALUES(1111 ,11, 1, '2017-05-12', '2017-06-10');
INSERT INTO BOOK_LENDING VALUES(3333, 22, 1, '2017-07-10', '2017-07-15');

/* DISPLAY CONTENTS OF ALL TABLES */
SELECT * FROM BOOK;
SELECT * FROM BOOK_AUTHORS;
SELECT * FROM PUBLISHER;
SELECT * FROM BOOK_COPIES;
SELECT * FROM BOOK_LENDING;
SELECT * FROM LIBRARY_BRANCH;

/* QUERIES */

--1
SELECT LB.BRANCH_NAME, B.BOOK_ID,B.TITLE,B. PUBLISHER_NAME,
BA.AUTHOR_NAME, BC.NO_OF_COPIES
FROM BOOK B, BOOK_AUTHORS BA, BOOK_COPIES BC, LIBRARY_BRANCH LB
WHERE B.BOOK_ID = BA.BOOK_ID AND
BA.BOOK_ID = BC.BOOK_ID AND
BC.BRANCH_ID = LB.BRANCH_ID
GROUP BY LB.BRANCH_NAME, B.BOOK_ID, B.TITLE,B. PUBLISHER_NAME,
BA.AUTHOR_NAME, BC.NO_OF_COPIES;

--2
SELECT CARD_NO
FROM BOOK_LENDING
WHERE DATE_OUT BETWEEN '2017-01-01' AND '2017-06-30'
GROUP BY CARD_NO
HAVING COUNT(*) > 3;

--3
DELETE FROM BOOK
WHERE BOOK_ID = '3333';

SELECT * FROM BOOK;
SELECT * FROM BOOK_LENDING;

--4
SELECT BOOK_ID, TITLE, PUBLISHER_NAME, PUB_YEAR
FROM BOOK
GROUP BY PUB_YEAR, BOOK_ID, TITLE, PUBLISHER_NAME;

--5
CREATE VIEW BOOKS_AVAILABLE AS
SELECT B.BOOK_ID, B.TITLE, C.NO_OF_COPIES
FROM LIBRARY_BRANCH L, BOOK B, BOOK_COPIES C
WHERE B.BOOK_ID = C.BOOK_ID AND
L.BRANCH_ID=C.BRANCH_ID;

SELECT * FROM BOOKS_AVAILABLE;
